<?xml version="1.0" encoding="UTF-8"?>
<Configuration status="WARN" monitorInterval="30">


    <Properties>
    
        <Property name="LOG_PATTERN">%d{yyyy-MM-dd HH:mm:ss} %-5p %c{1} - %m%n</Property>
        <Property name="basePath">D:/logs/hospital-logs</Property>
    </Properties>
 
    <Appenders>
        <Console name="console" target="SYSTEM_OUT" follow="true">
            <PatternLayout pattern="${LOG_PATTERN}"/>
        </Console>
        
        <RollingFile name="fileLogger"
            fileName="${basePath}/Hospital-Appointment-System-module-${date:yyyy-MM-dd}.log"
            filePattern="${basePath}/Hospital-Appointment-System-module-%d{yyyy-MM-dd}.log">
            <PatternLayout pattern="[%-5level] %d{yyyy-MM-dd HH:mm:ss.SSS} [%t] %c{1} - %msg%n"/>
            <Policies>
                <TimeBasedTriggeringPolicy/>
                <SizeBasedTriggeringPolicy size="10MB"/>
            </Policies>
            <DefaultRolloverStrategy max="10">
                <Delete basePath="${basePath}" maxDepth="10">
                    <IfLastModified age="30d"/>
                </Delete>
            </DefaultRolloverStrategy>
        </RollingFile>
    </Appenders>
 
    <Loggers>
        <Root level="info" additivity="false">
            <AppenderRef ref="fileLogger"/>
            <AppenderRef ref="console"/>
        </Root>
    </Loggers>
</Configuration>
