<?xml version="1.0" encoding="UTF-8"?>
<beans xmlns="http://www.springframework.org/schema/beans"
	xmlns:xsi="http://www.w3.org/2001/XMLSchema-instance"
	xmlns:p="http://www.springframework.org/schema/p"
	xmlns:aop="http://www.springframework.org/schema/aop"
	xmlns:context="http://www.springframework.org/schema/context"
	xmlns:jee="http://www.springframework.org/schema/jee"
	xmlns:tx="http://www.springframework.org/schema/tx"
	xmlns:task="http://www.springframework.org/schema/task"
	xmlns:mvc="http://www.springframework.org/schema/mvc"
	xsi:schemaLocation="http://www.springframework.org/schema/aop http://www.springframework.org/schema/aop/spring-aop-3.2.xsd http://www.springframework.org/schema/beans http://www.springframework.org/schema/beans/spring-beans-3.2.xsd http://www.springframework.org/schema/context http://www.springframework.org/schema/context/spring-context-3.2.xsd http://www.springframework.org/schema/jee http://www.springframework.org/schema/jee/spring-jee-3.2.xsd http://www.springframework.org/schema/tx http://www.springframework.org/schema/tx/spring-tx-3.2.xsd http://www.springframework.org/schema/task http://www.springframework.org/schema/task/spring-task-3.2.xsd http://www.springframework.org/schema/mvc
           http://www.springframework.org/schema/mvc/spring-mvc.xsd">


	<context:annotation-config />
	<context:component-scan
		base-package="spring.orm" />
	<bean id="InternalResourceViewResolver"
		class="org.springframework.web.servlet.view.InternalResourceViewResolver">
		<property name="prefix" value="/WEB-INF/views/" />
		<property name="suffix" value=".jsp" />
	</bean>


	<context:property-placeholder
		location="classpath:db.properties" />

	<bean id="dataSource"
		class="org.springframework.jdbc.datasource.DriverManagerDataSource">
		<property name="driverClassName" value="${db.driver}" />
		<property name="url" value="${db.url}" />
		<property name="username" value="${db.user}" />
		<property name="password" value="${db.password}" />
	</bean>

	<bean
		class="org.springframework.http.converter.json.MappingJackson2HttpMessageConverter">
		<property name="supportedMediaTypes">
			<list>
				<value>application/json</value>
			</list>
		</property>
	</bean>


	<!-- Transactions -->

	<!-- enable the configuration of transactional behavior based on annotations -->


	<mvc:annotation-driven />

	<!-- Configure the multipart resolver to handle file uploads -->
	<bean id="multipartResolver"
		class="org.springframework.web.multipart.commons.CommonsMultipartResolver">
		<!-- Set the maximum allowed size of the uploaded file in bytes -->
		<property name="maxUploadSize" value="5242880" /> <!-- 5MB -->

		<!-- Set the maximum allowed size of the entire request in bytes -->
		<property name="maxUploadSizePerFile" value="5242880" /> <!-- 5MB -->
	</bean>
	<bean id="entityManagerFactory"
		class="org.springframework.orm.jpa.LocalContainerEntityManagerFactoryBean"
		p:packagesToScan="spring.orm" p:dataSource-ref="dataSource">
		<property name="jpaVendorAdapter">
			<bean
				class="org.springframework.orm.jpa.vendor.HibernateJpaVendorAdapter">
				<property name="generateDdl" value="true" />
				<property name="showSql" value="true" />
			</bean>
		</property>
	</bean>

	<!-- Transactions -->
	<bean id="transactionManager"
		class="org.springframework.orm.jpa.JpaTransactionManager">
		<property name="entityManagerFactory"
			ref="entityManagerFactory" />
	</bean>
	<!-- enable the configuration of transactional behavior based on annotations -->
	<tx:annotation-driven
		transaction-manager="transactionManager" />



	<!-- Enable serving of static resources for each user type -->
	<mvc:resources mapping="/admin/css/**"
		location="/WEB-INF/views/admin/css/" />
	<mvc:resources mapping="/admin/js/**"
		location="/WEB-INF/views/admin/js/" />

	<mvc:resources mapping="/dcadmin/css/**"
		location="/WEB-INF/views/dcadmin/css/" />
	<mvc:resources mapping="/dcadmin/js/**"
		location="/WEB-INF/views/dcadmin/js/" />

	<mvc:resources mapping="/patient/css/**"
		location="/WEB-INF/views/patient/css/" />
	<mvc:resources mapping="/patient/js/**"
		location="/WEB-INF/views/patient/js/" />


	<mvc:resources mapping="/css/**"
		location="/WEB-INF/views/login/css/" />
	<mvc:resources mapping="/js/**"
		location="/WEB-INF/views/login/js/" />


</beans>
